id,name,gender,company,Salary,mobile
1,Madeleine,Female,Babbleblab,36409,+48 331 640 4237
2,Dana,Male,Topiclounge,12230,+86 642 794 5197
3,Barri,Male,Fivebridge,21106,+51 841 308 8156
4,Cos,Male,Janyx,27370,+504 382 728 4738
5,Mylo,Male,Omba,25195,+86 470 840 9325
6,Emmalee,Female,Skaboo,45621,+261 138 761 2237
7,Alia,Female,Yacero,18371,+351 947 742 2542
8,Mariquilla,Female,Katz,47646,+263 619 576 3342
9,Gussie,Female,Rhynyx,16653,+86 667 855 0918
10,Ellynn,Female,Gigazoom,29052,+44 892 843 1479
11,Myrle,Female,Meevee,29858,+62 178 730 0566
12,Elbertine,Female,Mydeo,22006,+48 412 655 5513
13,Leigh,Female,Fanoodle,32704,+62 976 861 1548
14,Irvin,Male,Vimbo,18885,+265 761 991 5969
15,Raffaello,Male,Livetube,43682,+60 713 449 3114
16,Sherilyn,Female,Browsezoom,23423,+46 242 940 7794
17,Clive,Male,Topdrive,27888,+1 990 239 9733
18,Garrek,Male,Jayo,24183,+86 462 917 2320
19,Oralie,Female,Vimbo,24131,+55 354 705 2451
20,Ware,Male,Dabvine,43795,+86 416 792 8705
21,Ame,Female,Twitterwire,43507,+54 723 253 1380
22,Reggy,Male,Quaxo,23815,+86 584 708 7604
23,Andrus,Male,Oyoba,35054,+86 627 173 7204
24,Theadora,Female,InnoZ,46226,+62 568 256 0900
25,Samuele,Male,Kanoodle,48835,+33 238 157 7666
26,Kristel,Female,Quatz,36225,+63 731 225 8279
27,Harland,Male,Cogibox,31994,+976 300 479 6248
28,Geoffrey,Male,Kamba,38388,+86 322 191 1277
29,Lynelle,Female,Meeveo,36543,+33 993 797 4068
30,Baxter,Male,Realpoint,21247,+81 808 164 3813
31,Felisha,Female,Fanoodle,25621,+353 755 443 6299
32,Cathlene,Female,Realcube,14021,+33 980 673 0893
33,Justino,Male,Kazu,28323,+7 698 307 2537
34,Karleen,Female,Brainsphere,18358,+52 298 215 0917
35,Natale,Male,Youopia,27527,+7 344 461 2758
36,Cecilia,Female,Yodel,26543,+48 165 533 7420
37,Debra,Female,Livefish,19841,+86 520 853 2800
38,Milka,Female,Voonix,21269,+33 542 648 1758
39,Virge,Male,Fiveclub,15439,+48 214 655 5063
40,Artemus,Male,Buzzster,35215,+7 154 717 7038
41,Arron,Male,Skyba,18832,+62 473 379 7802
42,Kevyn,Female,Jaxbean,15946,+420 181 887 4195
43,Ursuline,Female,Skyndu,22937,+66 996 348 6787
44,Tobias,Male,Devify,15904,+1 583 614 2514
45,Nathan,Male,Fanoodle,44138,+55 412 339 4779
46,Finlay,Male,Twitterlist,12010,+27 207 248 0973
47,Isabella,Female,Realpoint,25123,+84 678 288 0141
48,Hansiain,Male,Viva,13749,+46 486 338 2042
49,Nolana,Female,Realpoint,32654,+46 774 915 6016
50,Jaclyn,Female,Bluezoom,42097,+51 539 801 1029
51,Andros,Male,Omba,41135,+385 299 386 3417
52,Gaynor,Female,Izio,16965,+63 164 791 0193
53,Gerianna,Female,Photobug,23761,+46 295 476 1246
54,Rosanna,Female,Jayo,17943,+357 988 476 3326
55,Delphine,Female,Mycat,35282,+374 357 937 0599
56,Mil,Female,Skivee,28539,+30 183 673 1830
57,Graehme,Male,Quinu,16359,+7 939 400 2312
58,Taffy,Female,Teklist,45884,+7 336 279 6682
59,Meryl,Male,Mita,33316,+48 685 134 2904
60,Donielle,Female,Meedoo,25147,+48 863 600 4283
61,Derrik,Male,Zoomdog,19731,+48 706 865 2723
62,Essie,Female,Bluezoom,28364,+62 361 265 9025
63,Letty,Female,Livetube,22266,+86 266 786 4591
64,Dee dee,Female,Npath,43425,+63 122 364 8562
65,Elihu,Male,Twinder,38424,+52 592 300 5675
66,Cassandry,Female,Photofeed,43129,+66 399 904 1788
67,Freeland,Male,Riffpedia,32568,+966 443 291 6835
68,Tisha,Female,Jabbersphere,29018,+351 616 151 2406
69,Donielle,Female,Buzzbean,20295,+48 847 284 0739
70,Say,Male,Zoombeat,23394,+353 328 833 5042
71,Martica,Female,Voomm,28840,+54 511 203 3982
72,Dionis,Female,Eimbee,14412,+255 311 232 5739
73,Jeni,Female,Aibox,46996,+62 184 379 1581
74,Nikaniki,Female,Roomm,17430,+53 787 902 1973
75,Terrence,Male,Wordify,21877,+48 730 785 1079
76,Sutton,Male,Jabberbean,37674,+86 920 299 1961
77,Charline,Female,Yombu,36420,+95 634 595 6204
78,Aymer,Male,Pixoboo,14055,+505 611 575 7982
79,Haley,Male,Topicstorm,41432,+46 472 128 4706
80,Monty,Male,Skimia,42815,+62 939 388 5822
81,Etti,Female,Yata,25132,+86 517 744 1596
82,Robbie,Male,Voonix,19367,+27 799 238 9488
83,Alida,Female,Yodoo,41900,+60 507 694 1846
84,Thaxter,Male,Ntags,49032,+30 314 854 3215
85,Cristian,Male,Buzzshare,22457,+63 234 822 6540
86,Rudolf,Male,InnoZ,35214,+261 350 158 3886
87,Karlan,Male,Meevee,47139,+387 529 225 2432
88,Pepillo,Male,Topicware,22662,+506 316 865 5516
89,Ludovika,Female,Topicblab,35534,+86 958 345 1860
90,Jeane,Female,Centimia,24053,+57 665 423 8306
91,Corinna,Female,Riffpedia,43531,+62 682 527 8614
92,Aggy,Female,Flipopia,47210,+591 457 396 6672
93,Gabbie,Male,Brainlounge,10206,+86 210 471 1664
94,Farlie,Male,Thoughtsphere,34783,+86 699 713 3517
95,Selie,Female,Photobug,42763,+692 810 920 2593
96,Jamaal,Male,Jabbersphere,21882,+46 325 596 9831
97,Caron,Female,Rhycero,23243,+62 553 905 2502
98,Galina,Female,Bubblebox,37903,+46 477 619 0227
99,Nonah,Female,LiveZ,41024,+62 341 552 0817
100,Antoine,Male,Jaxworks,39841,+30 462 937 5580
101,Correy,Female,Browsedrive,15576,+240 670 776 1162
102,Darsie,Female,Skimia,36124,+86 762 447 7445
103,Fleur,Female,Avamba,17961,+63 984 978 7708
104,Kareem,Male,Oyoba,39767,+86 720 351 2609
105,Dario,Male,Skyble,45918,+84 368 426 7851
106,Arri,Male,Meetz,29432,+52 812 306 8820
107,Jo-ann,Female,Quimm,26343,+63 368 253 0258
108,Barbaraanne,Female,Edgeclub,25694,+1 512 717 2638
109,Libbey,Female,Skyba,38148,+51 343 861 5749
110,Kerry,Female,Omba,29943,+7 138 871 7865
111,Drucill,Female,Dynabox,25798,+855 871 365 4213
112,Tirrell,Male,Oodoo,42093,+46 451 636 7124
113,Norby,Male,Cogilith,28300,+225 115 600 6033
114,Shelden,Male,Digitube,38108,+31 805 685 2762
115,Donal,Male,Pixope,40869,+62 208 139 7132
116,Misha,Female,Realbuzz,34154,+62 140 454 7576
117,Bertram,Male,Mybuzz,22275,+48 497 588 7174
118,Dion,Female,Linktype,17996,+86 123 523 2176
119,Yalonda,Female,Yakijo,22972,+86 785 447 9686
120,Willis,Male,Kwinu,45683,+380 574 623 2654
121,Benton,Male,Edgeify,29565,+57 189 725 1532
122,Matthaeus,Male,Youtags,27595,+55 138 556 0816
123,Jayne,Female,Zazio,39079,+355 767 401 0703
124,Justis,Male,Jazzy,31700,+964 899 683 5317
125,Giulia,Female,Geba,35088,+63 626 534 2841
126,Evangeline,Female,Voomm,29752,+420 965 871 8981
127,Gretel,Female,Jabbertype,20258,+52 582 105 1711
128,Denney,Male,LiveZ,30679,+98 888 412 5756
129,Derrik,Male,Skajo,29368,+62 144 792 2235
130,Michelina,Female,Meedoo,40216,+62 689 248 0731
131,Derrek,Male,Eabox,14147,+63 829 583 5755
132,Alexei,Male,Shuffledrive,15929,+46 146 308 2927
133,Cassey,Female,Twitternation,28981,+27 677 716 9995
134,Gustie,Female,Brainsphere,47395,+63 549 781 6563
135,Merry,Male,Mita,20219,+86 123 823 3455
136,Vinni,Female,Kamba,20979,+962 744 197 0914
137,Robenia,Female,Photojam,25795,+351 315 709 7068
138,Tiena,Female,Kamba,29175,+998 257 509 1397
139,Biddie,Female,Twitterworks,38538,+382 703 585 2268
140,Peta,Female,Browsezoom,25155,+62 306 820 6967
141,Linea,Female,Ntags,34521,+86 653 963 1856
142,Peter,Male,Realbridge,28513,+351 504 382 4523
143,Jodie,Male,Ailane,12064,+33 756 573 5930
144,Frederic,Male,Ntags,13771,+63 294 610 4966
145,Agustin,Male,Oyoloo,14132,+47 701 404 8914
146,Opalina,Female,Jetwire,31742,+51 951 349 8186
147,Hubie,Male,Yabox,24489,+599 982 716 3878
148,Kennan,Male,Shuffletag,15258,+57 529 316 9844
149,Burke,Male,Skivee,15497,+55 535 338 5965
150,Poul,Male,Realfire,35821,+1 608 306 5610
151,Carlie,Female,Blogspan,18789,+590 535 131 3187
152,Daisey,Female,Wikido,33714,+351 472 926 4572
153,Kathy,Female,Skimia,13084,+86 617 529 7426
154,Dex,Male,Tagopia,46316,+351 932 804 5981
155,Marjie,Female,Wikivu,30402,+976 392 178 2301
156,Darline,Female,Muxo,49325,+62 316 749 4741
157,Cindi,Female,Rhynyx,33455,+86 317 701 4553
158,Christyna,Female,Vipe,34832,+94 535 963 1442
159,Brina,Female,Kwimbee,42425,+679 210 396 0593
160,Rafael,Male,Trupe,45806,+970 554 971 6536
161,Rollie,Male,Riffwire,49221,+593 602 814 6731
162,Brockie,Male,Minyx,19463,+86 353 328 8698
163,Letitia,Female,Skiptube,18016,+966 746 758 8978
164,Tildy,Female,Voolith,27726,+53 487 152 8993
165,Sherline,Female,Jatri,39239,+62 380 466 8449
166,Julissa,Female,Tagtune,19484,+62 380 293 8732
167,Louisette,Female,Oyondu,11770,+689 966 160 9595
168,Gerhardt,Male,Quinu,41713,+55 150 923 4007
169,Kissie,Female,Skidoo,48828,+972 260 401 7280
170,Nial,Male,Gabtune,47781,+81 474 520 0104
171,Arden,Female,Meeveo,39595,+504 768 246 0602
172,Jaquenette,Female,Kimia,12536,+46 167 411 1185
173,Cyrill,Male,Roodel,18692,+380 683 141 9840
174,Austin,Female,Photobug,18904,+977 924 462 6992
175,Evangeline,Female,Fadeo,11447,+86 435 698 9753
176,Garrik,Male,Kwilith,25817,+64 612 475 3995
177,Far,Male,Twiyo,13964,+249 785 940 1828
178,Bathsheba,Female,Livetube,26306,+381 491 414 3734
179,Lazare,Male,Yakitri,25969,+1 609 940 6075
180,Donica,Female,Thoughtstorm,23829,+7 241 570 6769
181,Tanya,Female,Livetube,28644,+47 177 171 9839
182,Garvy,Male,Gigashots,30155,+967 817 621 5063
183,Sherwin,Male,Feednation,13445,+230 921 374 0783
184,Aprilette,Female,Livetube,45004,+356 637 568 3515
185,Portia,Female,Eamia,40525,+55 331 498 9511
186,Moise,Male,Zooxo,14789,+86 529 290 4661
187,Midge,Female,Gigabox,22823,+380 491 511 7496
188,Sam,Female,Pixoboo,20716,+7 565 439 3597
189,Paige,Female,Blogspan,37565,+86 418 873 9469
190,Kimble,Male,Devpoint,38570,+7 867 421 4661
191,Byram,Male,Edgewire,44922,+7 882 664 1908
192,Evie,Female,Zoombeat,47292,+381 847 808 2862
193,Syd,Male,Npath,42442,+62 712 674 7586
194,Kenton,Male,Abata,21806,+86 478 781 5664
195,Delila,Female,Kimia,38095,+86 791 204 1678
196,Nichol,Female,Flashspan,38180,+380 218 396 1764
197,Jessika,Female,Realbridge,21882,+86 669 428 4841
198,Nanette,Female,Jaxspan,37579,+86 534 310 7990
199,Umeko,Female,Photobean,21442,+358 909 485 1977
200,Engracia,Female,Edgetag,30467,+48 773 815 0805
201,Aubine,Female,Voomm,26225,+86 622 154 6538
202,Yuri,Male,Skyvu,29272,+1 344 255 2042
203,Laughton,Male,Demizz,22537,+55 893 124 3850
204,Heinrik,Male,Podcat,33944,+591 363 581 8875
205,Joletta,Female,Bubblebox,39090,+55 646 396 2765
206,Mirilla,Female,Twitterworks,11208,+359 313 530 9854
207,Alec,Male,Oyoloo,38333,+1 989 697 6083
208,Brad,Male,Topicstorm,20835,+7 137 719 1279
209,Giselle,Female,Browsebug,32505,+389 610 248 0116
210,Abbie,Female,Avamba,33012,+62 804 627 7385
211,Maggy,Female,Fivespan,12066,+33 524 840 9318
212,Lewie,Male,Youspan,24445,+62 966 904 8290
213,Baily,Male,Katz,40704,+1 907 443 8335
214,Angel,Male,Voolith,40398,+1 754 185 6313
215,Kamila,Female,Agimba,48849,+33 157 835 2694
216,Duffie,Male,Zoombox,13749,+7 751 865 0726
217,Chanda,Female,Bluezoom,22389,+54 148 879 7051
218,Caz,Male,Edgeify,28458,+355 660 657 7761
219,Gannie,Male,Browseblab,20667,+86 598 730 3494
220,Debora,Female,Yodoo,26847,+57 482 626 1564
221,Tammi,Female,Zoombox,31915,+212 864 284 8479
222,Hendrika,Female,Babbleopia,16406,+1 337 446 3924
223,Tudor,Male,Quimba,39124,+509 946 808 7051
224,Jordain,Female,Topiczoom,17323,+998 780 265 2652
225,Stacie,Female,Voonyx,16212,+84 586 560 8752
226,Fred,Male,Yozio,46918,+223 197 192 7407
227,Maurie,Male,Aimbo,47685,+389 339 740 4431
228,Nealon,Male,Twimbo,22954,+57 175 732 7372
229,Tatiana,Female,Lajo,12912,+880 665 711 9848
230,Jessie,Female,Flipstorm,36153,+86 605 507 9157
231,Cristionna,Female,Gabtype,30043,+92 196 250 3301
232,Arliene,Female,Lajo,20130,+46 274 641 1047
233,Waneta,Female,Wordware,38723,+212 640 446 2568
234,Avigdor,Male,Eadel,27242,+63 466 125 1868
235,Ronny,Male,Kanoodle,20055,+55 613 704 7460
236,Garey,Male,Nlounge,22002,+62 295 896 9376
237,Tripp,Male,Rhyloo,43607,+216 399 259 2363
238,Whitney,Male,Feedbug,29772,+86 975 697 9489
239,Alli,Female,Jabberbean,28660,+45 932 659 4100
240,Dagmar,Female,Zooveo,43089,+507 108 984 6656
241,Guenna,Female,Abata,28893,+52 942 304 0152
242,Hans,Male,Yakidoo,32436,+86 669 962 1592
243,Ernie,Male,Eare,16956,+351 430 889 8789
244,Dyanna,Female,Jabbersphere,13663,+66 674 443 1900
245,Paxton,Male,Blogtag,48965,+62 906 364 8133
246,Debra,Female,Riffpath,14153,+51 679 633 5713
247,Wilbur,Male,Aimbu,24266,+49 628 155 8034
248,Cecily,Female,DabZ,48064,+49 432 261 2791
249,Coleman,Male,Jabbercube,31504,+420 519 671 2246
250,Wittie,Male,Fanoodle,45121,+351 878 494 9280
251,Karim,Male,Eimbee,25911,+62 654 273 1416
252,Suzy,Female,Twinder,27761,+54 966 460 1389
253,Hakim,Male,Flashspan,32892,+86 923 676 8451
254,Hallie,Female,Wikivu,20943,+84 484 228 8470
255,Kendal,Male,Wikizz,18175,+63 340 575 9753
256,Hogan,Male,Skinte,13045,+370 120 886 1863
257,Jonis,Female,Flashdog,42188,+351 678 269 6983
258,Kale,Male,Muxo,45994,+593 741 717 5240
259,Nicol,Female,Janyx,19001,+7 596 621 6083
260,Randene,Female,Katz,36119,+66 766 620 6835
261,Noah,Male,Twitterworks,23871,+62 420 555 0165
262,Malissia,Female,Vinder,20667,+86 107 588 2569
263,Lucina,Female,Roombo,23138,+62 472 211 0356
264,Brit,Female,Flashspan,39448,+63 943 201 8854
265,Alvera,Female,Quamba,41941,+381 211 692 8996
266,Joye,Female,Rhynyx,31848,+62 946 555 6614
267,Cherye,Female,Buzzdog,34565,+502 495 454 8282
268,Pearl,Female,Buzzshare,34495,+86 181 842 6680
269,Gabie,Male,Vinder,16415,+48 839 189 5576
270,Lucas,Male,Yodel,30423,+249 259 169 2015
271,Nathalie,Female,BlogXS,13901,+62 591 453 0881
272,Kirbee,Female,Zazio,28300,+33 838 585 7538
273,Dame,Male,Trudoo,11331,+57 612 783 0138
274,Herbie,Male,Blogtags,26584,+261 694 353 3945
275,Lek,Male,Zooveo,46658,+86 501 726 2157
276,Aggie,Female,Zoozzy,19469,+375 725 315 3094
277,Craig,Male,Edgeclub,15535,+84 993 274 7072
278,Keane,Male,Oyope,22010,+62 956 346 2214
279,Moss,Male,Riffwire,40028,+81 902 788 9363
280,Rosabel,Female,Devcast,16419,+351 222 972 2712
281,Berenice,Female,Dabtype,46713,+372 834 462 3353
282,Jeremiah,Male,Gevee,13896,+62 960 515 5111
283,Graehme,Male,Kwinu,13629,+86 675 459 7503
284,Gearard,Male,Quinu,22064,+33 500 737 7885
285,Sheilakathryn,Female,Riffwire,42587,+63 423 347 1584
286,Tobi,Female,Kwilith,32698,+48 270 725 2131
287,Dionysus,Male,Gigaclub,47910,+62 161 166 4669
288,Torrin,Male,Oyoloo,15365,+63 151 364 8125
289,Willa,Female,Jabbersphere,12129,+86 534 778 6264
290,Tito,Male,Meetz,12123,+55 632 824 4820
291,Rupert,Male,Edgeblab,38441,+86 816 973 6764
292,Crista,Female,Browsezoom,37831,+298 256 707 9774
293,Hilario,Male,Skimia,34049,+48 855 763 6016
294,Madonna,Female,Kwinu,21372,+62 709 593 8607
295,Simone,Male,JumpXS,18924,+62 191 632 1277
296,Corney,Male,Tazz,44535,+382 544 854 6541
297,Thekla,Female,Edgeblab,41722,+386 796 270 0624
298,Alexine,Female,Babblestorm,35898,+1 365 801 0935
299,Natala,Female,Yakidoo,41048,+84 340 648 0384
300,Shel,Female,Skalith,39153,+64 304 345 4988
301,Myrna,Female,Pixope,27477,+420 554 985 1481
302,Cobbie,Male,Dabfeed,33932,+51 483 634 3110
303,Silas,Male,Twitterbeat,35019,+55 532 223 3610
304,Haven,Male,Photofeed,13266,+92 374 671 9408
305,Antoine,Male,Blogpad,34546,+86 256 889 3521
306,Vivyanne,Female,Yabox,13800,+82 354 565 9926
307,Stephanie,Female,Kwilith,15730,+62 294 958 3060
308,Nowell,Male,Jabberstorm,41129,+86 993 949 4316
309,Budd,Male,Abata,34017,+351 688 513 5595
310,Rancell,Male,Zoombox,30050,+60 244 286 1953
311,Jeffie,Male,Skipstorm,21585,+351 910 138 9632
312,Hermy,Male,Kaymbo,22058,+7 422 963 5846
313,Ford,Male,Photolist,14261,+1 296 415 7169
314,Thalia,Female,Yoveo,20366,+352 527 648 5344
315,Abagael,Female,Jaxbean,34108,+7 986 930 8035
316,Wit,Male,Photospace,11017,+86 421 395 3558
317,Ninette,Female,Quamba,27530,+46 241 375 2207
318,Nicolis,Male,Dablist,32515,+34 822 358 3497
319,Nertie,Female,Izio,49088,+502 964 523 5561
320,Julieta,Female,Quinu,13705,+51 821 560 0286
321,Gregoire,Male,Twimbo,27094,+381 835 119 0260
322,Sindee,Female,Centimia,44233,+46 197 638 7666
323,Staffard,Male,Quamba,23150,+7 582 357 9520
324,Darn,Male,Rhynyx,43571,+234 137 313 6277
325,David,Male,Yacero,11425,+62 427 370 1037
326,Meriel,Female,Skyndu,45673,+55 258 352 3589
327,Ewan,Male,Vidoo,10835,+86 176 260 3401
328,Alexi,Female,Feedfish,27412,+7 212 977 7127
329,Elonore,Female,Rhyzio,29219,+967 382 401 6993
330,Albertine,Female,Trudoo,48284,+86 685 440 4880
331,Shanie,Female,Riffpath,21548,+48 193 369 4924
332,Francoise,Female,Leenti,32025,+86 117 377 6976
333,Nadia,Female,Browsebug,28726,+63 293 836 9398
334,Marline,Female,Meedoo,45577,+7 346 990 0410
335,Nonie,Female,Izio,13612,+7 666 691 4364
336,Sybilla,Female,Tagopia,38100,+86 341 814 2745
337,Rolfe,Male,Cogidoo,24699,+62 945 864 6881
338,Ivor,Male,Talane,35287,+57 581 173 0459
339,Kristopher,Male,Wikizz,47253,+592 675 360 3907
340,Neysa,Female,Skivee,40464,+1 217 332 1786
341,Berny,Female,Katz,17085,+51 959 711 0017
342,Alina,Female,Yakitri,24294,+86 897 887 8067
343,Derwin,Male,LiveZ,13604,+86 173 489 6462
344,Tania,Female,Oyoyo,36635,+389 767 820 4193
345,Archy,Male,Zoonoodle,35993,+48 798 318 0366
346,Starr,Female,Devpoint,18411,+86 651 616 9582
347,Cassondra,Female,Brainlounge,37708,+7 553 479 5241
348,Cecil,Female,Oodoo,23119,+234 124 458 7446
349,Hakeem,Male,Skivee,48075,+62 381 672 1468
350,Francoise,Female,Devcast,13802,+62 205 304 3283
351,Nataniel,Male,Kamba,25916,+63 632 112 1938
352,Daune,Female,Fivespan,24204,+371 443 294 6051
353,Jayne,Female,Dynazzy,38094,+420 354 842 3163
354,Cherry,Female,Twimm,23291,+86 402 611 5618
355,Ruben,Male,Kwideo,17713,+351 267 222 9223
356,Hadleigh,Male,Eidel,25165,+386 611 894 8527
357,Celinda,Female,Digitube,31396,+62 506 309 8493
358,Claire,Female,Talane,29755,+359 815 849 3467
359,Kim,Female,Meetz,23411,+48 490 832 4870
360,Banky,Male,Zooxo,35840,+48 585 496 1747
361,Carny,Male,Eire,37309,+55 332 251 0078
362,Melissa,Female,Quaxo,46477,+86 631 292 4611
363,Temp,Male,Meetz,18837,+62 269 149 3781
364,D'arcy,Male,Livefish,12466,+55 686 284 8761
365,Basilio,Male,Realpoint,23518,+7 823 533 6230
366,Maison,Male,Quimm,13255,+62 278 394 5283
367,Gorden,Male,Voonyx,19392,+48 691 117 5758
368,Blake,Male,Blogtags,27616,+86 427 856 4298
369,Marlin,Male,Kazu,28270,+84 710 162 0815
370,Rakel,Female,Realbuzz,30221,+48 540 513 9589
371,Rycca,Female,Chatterpoint,46719,+63 801 960 2262
372,Brocky,Male,Jamia,14754,+86 503 755 2809
373,Wyatt,Male,Twinte,31556,+86 370 461 7444
374,Reynold,Male,Edgepulse,39235,+61 162 911 3531
375,Iolanthe,Female,JumpXS,10497,+62 373 417 7742
376,Mile,Male,Kwimbee,14304,+55 713 425 3171
377,Allene,Female,Avamba,33842,+7 515 176 7520
378,Letty,Female,Bluejam,48211,+389 522 595 3609
379,Cristabel,Female,Skiptube,19071,+995 324 223 7551
380,Tasia,Female,Zazio,25658,+86 994 358 8571
381,Ashil,Female,Jaloo,35236,+992 391 446 3367
382,Torey,Female,Skipstorm,16368,+252 578 681 8791
383,Rouvin,Male,Dazzlesphere,45426,+62 720 846 3997
384,Binky,Male,Jamia,14794,+382 590 458 8829
385,Rosaleen,Female,Wordware,47846,+62 622 641 4688
386,Charisse,Female,Avamm,47978,+351 302 703 1567
387,Minny,Female,Roodel,37273,+33 362 190 2858
388,Katine,Female,Plajo,44871,+63 539 329 3142
389,Hayes,Male,Demivee,46576,+1 742 388 3183
390,Clayborn,Male,Plambee,25385,+55 394 338 6018
391,Marchall,Male,Yakitri,40512,+44 359 898 5186
392,Karole,Female,Brightdog,38576,+7 143 963 2477
393,Lesley,Male,Twitterlist,44389,+970 603 935 8785
394,Conney,Male,Centimia,45979,+86 398 150 0895
395,Bernice,Female,Fliptune,18966,+598 494 603 9196
396,Miles,Male,Yacero,23536,+86 314 865 8310
397,Kellby,Male,Jabberstorm,41160,+33 663 712 3930
398,Anthiathia,Female,Eabox,26539,+420 653 162 6970
399,Gus,Female,Bluezoom,44493,+994 558 552 8847
400,Bunni,Female,Jamia,45334,+57 587 270 8340
401,Bondon,Male,Cogidoo,48539,+81 942 856 5188
402,Emma,Female,Topicblab,21010,+48 959 258 4725
403,Bunny,Female,Wikizz,30810,+33 174 680 8551
404,Tabbatha,Female,Avaveo,38852,+66 740 247 4299
405,Elli,Female,Muxo,41476,+86 479 301 6543
406,Bucky,Male,Jabbersphere,45617,+420 700 641 7708
407,Neill,Male,Dabjam,34747,+66 335 457 2253
408,Xever,Male,Gigaclub,23579,+1 260 614 7437
409,Arturo,Male,Vipe,28909,+212 221 641 6024
410,Theodora,Female,Oyonder,20801,+63 875 275 1132
411,Nessy,Female,Latz,45029,+55 806 920 7367
412,Lief,Male,Avavee,24979,+62 665 937 0595
413,Andrei,Female,Yakitri,43484,+251 124 877 3941
414,Arlan,Male,Meejo,46314,+86 736 317 3737
415,Ingrim,Male,Muxo,31958,+7 112 257 8384
416,Ernie,Male,Aibox,14725,+967 383 300 8509
417,Joel,Male,Blogtags,38447,+63 493 493 1295
418,Urbano,Male,Myworks,41929,+62 815 817 7786
419,Tommy,Male,Mita,34840,+58 448 230 5304
420,Alano,Male,Yacero,24150,+7 208 659 8127
421,Ivonne,Female,Thoughtbridge,14355,+51 986 329 2455
422,Claybourne,Male,Voomm,28932,+62 684 658 5687
423,Lyndell,Female,Ainyx,45151,+254 416 484 2923
424,Gerrard,Male,Jayo,25531,+242 367 221 3606
425,Judie,Female,Kazu,48986,+228 434 657 6371
426,Cherri,Female,Eamia,18641,+55 769 851 7790
427,Lowrance,Male,Dynabox,39730,+420 138 593 3181
428,Lyle,Male,Tagcat,31661,+98 711 155 9792
429,Conny,Female,Zazio,14886,+51 285 824 8910
430,Ruttger,Male,Skyndu,37600,+63 120 658 5974
431,Abby,Female,Edgeify,28590,+355 657 641 9278
432,Torre,Male,Jabbersphere,38370,+381 703 566 7709
433,Doretta,Female,Roombo,14494,+86 158 113 8390
434,Raffaello,Male,Wikizz,31712,+351 518 372 8187
435,Peg,Female,Jamia,11031,+380 616 310 4353
436,Kirstyn,Female,Voolith,11405,+48 224 556 5612
437,Corette,Female,Roomm,48144,+86 383 257 2819
438,Israel,Male,Layo,48642,+7 710 882 9389
439,Fredelia,Female,Tambee,24453,+30 822 422 0212
440,Shaina,Female,Riffpedia,49963,+62 617 341 8234
441,Sam,Female,Zoomcast,49128,+55 289 157 8864
442,Neill,Male,Riffwire,44910,+351 176 451 3811
443,Cecilio,Male,Browsecat,41010,+86 391 655 1498
444,Hazlett,Male,Brightdog,44122,+46 178 322 5623
445,Rik,Male,Ntag,16394,+55 948 842 5193
446,Joanne,Female,Zoombeat,37985,+92 430 501 7729
447,Clem,Female,Gigabox,20644,+86 272 221 4839
448,Heath,Female,Oyoba,15351,+7 994 759 2839
449,Rodina,Female,Gevee,11920,+93 568 693 4476
450,Phoebe,Female,Oozz,13719,+7 459 980 2918
451,Mortimer,Male,Eabox,31044,+7 826 645 5763
452,Addy,Male,Devshare,11979,+47 348 241 7681
453,Myranda,Female,Mudo,12801,+62 317 180 1594
454,Wilfred,Male,Quamba,32437,+27 778 420 3271
455,Hestia,Female,Avavee,22093,+86 337 662 1890
456,Eadith,Female,Jabbercube,44571,+47 956 490 9509
457,Clio,Female,Podcat,38797,+86 511 215 1561
458,Enrico,Male,Trunyx,46040,+63 699 270 6389
459,Ruthe,Female,Voonder,29896,+98 797 778 3953
460,Tomasine,Female,Omba,29472,+33 613 580 8600
461,Ezri,Male,Dabshots,11540,+380 575 761 8882
462,Bambi,Female,Dynabox,42426,+49 630 467 2850
463,Dominic,Male,Buzzbean,27829,+234 249 421 0460
464,Ermentrude,Female,Kamba,31908,+380 438 870 5272
465,Martyn,Male,Pixoboo,48800,+63 369 421 6024
466,Corrianne,Female,Avamm,32330,+54 630 914 5403
467,Minnie,Female,Quamba,24337,+62 499 673 8205
468,Lenci,Male,Zoozzy,35173,+33 129 966 8408
469,Nissie,Female,Skimia,25942,+62 386 867 2332
470,Katheryn,Female,Bluejam,33583,+62 959 276 7614
471,Keeley,Female,Gabtune,35685,+216 591 706 6209
472,Opaline,Female,Feedmix,26229,+256 279 963 5274
473,Hirsch,Male,Skyba,42140,+359 477 505 4667
474,Ginger,Male,Lazz,12767,+27 543 323 7284
475,Evin,Male,Npath,36518,+62 562 739 6015
476,Otto,Male,Nlounge,14771,+81 503 480 4129
477,Haley,Male,Eire,26743,+51 635 625 5159
478,Nial,Male,Jabbersphere,37935,+371 847 556 0488
479,Stace,Female,Ntag,32515,+30 319 836 2858
480,Bethena,Female,Skiptube,39120,+63 226 615 5758
481,Orton,Male,Tagopia,15839,+86 475 182 6039
482,Dyanne,Female,Livetube,18188,+62 493 553 1720
483,Vassily,Male,Trudeo,40885,+86 661 689 8772
484,Boyce,Male,Oyope,36268,+33 376 522 9653
485,Adelaide,Female,Babbleopia,30096,+850 244 585 8722
486,Josepha,Female,Jaxspan,38585,+86 581 711 8242
487,Angelia,Female,Centidel,39484,+92 619 444 7815
488,Lanie,Female,Lazz,34994,+46 154 758 5584
489,Tamqrah,Female,Kwinu,13743,+380 490 795 4615
490,Antonie,Female,Voonder,43827,+86 664 936 0108
491,Baxie,Male,Digitube,31106,+33 595 162 8256
492,Brand,Male,Linklinks,45332,+86 718 511 2995
493,Hailey,Male,Brainlounge,33520,+46 217 307 2750
494,Bryanty,Male,Yakidoo,19439,+63 742 456 5858
495,Granny,Male,Tagopia,10859,+62 408 526 5890
496,Monro,Male,Divavu,38938,+998 772 598 4061
497,Mead,Male,Photobean,27846,+86 457 101 2392
498,Martguerita,Female,Realbuzz,29788,+7 466 411 9954
499,Bird,Female,Twitterlist,39651,+63 203 353 4459
500,Patrizio,Male,Flipopia,16521,+86 539 654 0694
501,Ugo,Male,Centizu,44271,+355 923 623 1145
502,Geri,Male,Livefish,46239,+7 586 333 4042
503,Raimundo,Male,Skipstorm,33958,+503 968 935 7301
504,Starla,Female,Jaxworks,47969,+223 294 872 7217
505,Stefano,Male,Riffpedia,12894,+212 396 183 8903
506,Riley,Male,Meedoo,32492,+86 984 314 5368
507,Blaine,Male,Vinte,18046,+1 513 411 9349
508,Ansley,Female,Thoughtbeat,17164,+387 558 370 9394
509,Gussi,Female,Trupe,32272,+48 558 910 3884
510,Marcelle,Female,Twitterwire,32448,+86 742 192 5840
511,Alaster,Male,Quimba,34641,+63 370 284 3056
512,Arlen,Female,Brainverse,26121,+380 620 222 9816
513,Roddy,Male,Twitternation,16017,+66 770 566 1189
514,Valentin,Male,Zoonoodle,21701,+55 923 756 4108
515,Munmro,Male,Realbuzz,34057,+31 975 948 2884
516,Onfre,Male,Jetwire,27823,+33 341 403 3448
517,Wandie,Female,Linktype,47926,+33 469 109 9614
518,Germain,Female,Gabspot,12304,+62 832 856 0180
519,Buddy,Male,Eamia,42556,+966 482 817 2558
520,Ainslie,Female,Abata,44975,+62 219 251 6780
521,Greer,Female,Voonder,19758,+62 270 301 6264
522,Marketa,Female,Podcat,47245,+7 360 936 9531
523,Noam,Male,Brightdog,10628,+31 729 294 6403
524,Halette,Female,Ntag,32343,+86 194 499 9254
525,Frankie,Female,Livepath,25072,+374 162 853 0485
526,Carlotta,Female,Avaveo,11275,+48 918 436 8703
527,Daisi,Female,Kayveo,20543,+1 753 931 1071
528,Wye,Male,Youfeed,16874,+62 771 340 0744
529,Retha,Female,Browsecat,15669,+63 509 773 9072
530,Robinson,Male,Skinix,24922,+63 408 106 8981
531,Pebrook,Male,Mybuzz,39184,+62 684 430 2583
532,Daile,Female,Topiczoom,29874,+55 762 583 7100
533,Wendi,Female,Feedmix,16917,+225 938 972 4915
534,Juli,Female,Centimia,45814,+86 484 588 4165
535,Haroun,Male,Quire,46799,+86 321 462 7629
536,Orlan,Male,Topiczoom,13875,+7 897 923 7814
537,Jayson,Male,Photobug,39649,+1 497 575 9813
538,Osborn,Male,Cogilith,23152,+375 201 943 6705
539,Lamar,Male,Dabvine,43076,+62 836 726 0621
540,Karlee,Female,Twitternation,31037,+850 109 464 2402
541,Kathlin,Female,Meedoo,23276,+49 453 895 6272
542,Dorthea,Female,Katz,27842,+27 729 267 3242
543,Rennie,Female,Devify,31545,+1 372 793 7042
544,Zacharia,Male,Wikizz,20453,+86 338 175 1380
545,Nanon,Female,Eayo,48003,+86 251 494 0830
546,Willis,Male,Topicware,14778,+86 575 237 9745
547,Sherill,Female,Tekfly,18463,+86 375 638 7572
548,Willetta,Female,Zoomdog,30579,+389 306 356 4427
549,Jacqui,Female,Trudoo,31386,+7 202 992 9425
550,Gillie,Female,Chatterbridge,34676,+1 552 379 2880
551,Corrie,Male,Avamba,38161,+227 616 822 2238
552,Jeffrey,Male,Thoughtsphere,43400,+387 782 227 8894
553,Peter,Male,Kwilith,13663,+352 915 212 8283
554,Helaine,Female,Feednation,30511,+62 843 131 1859
555,Alonso,Male,Demimbu,44804,+86 288 544 0556
556,Reg,Male,Brainsphere,44209,+387 417 556 0124
557,Saul,Male,Flashpoint,36844,+86 770 783 7841
558,Joanie,Female,Quamba,15603,+48 740 123 3032
559,Gordon,Male,Linktype,47565,+62 451 733 4961
560,Griffie,Male,Yamia,17552,+242 890 673 4832
561,Maury,Male,Centidel,20608,+7 903 293 6675
562,Lisabeth,Female,Roombo,19675,+93 110 416 1980
563,Hubert,Male,Voonte,15407,+63 519 950 2909
564,Shayna,Female,Meeveo,29693,+55 506 294 4312
565,Floyd,Male,Youtags,29442,+63 719 441 5823
566,Adorne,Female,Twitterbeat,29480,+1 974 166 1180
567,Guntar,Male,Yakidoo,43453,+855 283 804 9363
568,Mahmud,Male,Fanoodle,37524,+7 927 375 5410
569,Domenic,Male,Meevee,44651,+972 302 489 1666
570,Maible,Female,Riffwire,20878,+86 853 208 2483
571,Ilario,Male,Devshare,39679,+62 782 265 8524
572,Doug,Male,Linktype,45897,+1 230 186 6402
573,Ivor,Male,Zoomlounge,33318,+33 172 670 4798
574,Mychal,Male,Twitterbridge,19902,+355 964 383 4290
575,Fred,Male,Kanoodle,35525,+256 729 673 2347
576,Fernando,Male,Zooxo,20502,+998 133 229 8419
577,Cris,Male,Npath,49401,+355 497 559 1687
578,Joly,Female,Skyndu,15625,+380 581 803 2482
579,Dino,Male,Mydo,21983,+86 644 412 4922
580,Linea,Female,Kwideo,32919,+1 971 372 1395
581,Yvon,Male,Browsecat,12276,+86 454 103 6075
582,Katerine,Female,Shufflebeat,18898,+389 609 581 6279
583,Kristan,Female,Feednation,22979,+967 370 182 5201
584,Todd,Male,Quinu,15521,+57 772 554 1565
585,Mariska,Female,Devpulse,14078,+420 660 200 4802
586,Jeanie,Female,Devpulse,32607,+232 469 758 8775
587,Sam,Male,Tagcat,14920,+55 326 349 0451
588,Ransell,Male,Dabvine,38846,+7 174 925 9004
589,Marlene,Female,Yodoo,24677,+62 974 588 7727
590,Sherie,Female,Jabberstorm,18404,+46 120 746 7893
591,Sansone,Male,Plajo,45725,+63 628 791 8170
592,Padriac,Male,Livepath,17090,+420 840 109 8216
593,Stacy,Female,Twitterlist,18752,+1 308 564 1056
594,Patricia,Female,Twimm,26489,+48 678 183 9121
595,Stephannie,Female,Brainsphere,28395,+33 655 456 9287
596,Bartholomew,Male,Eabox,42795,+86 345 941 7249
597,Adolpho,Male,Leenti,10733,+55 842 552 1276
598,Paule,Female,Brainsphere,42097,+62 615 425 8192
599,Audre,Female,Vinder,45545,+62 764 623 3368
600,Galen,Male,Digitube,48023,+351 595 337 3597
601,Brittney,Female,Livepath,14448,+86 848 472 1417
602,Ky,Male,Realbridge,45006,+63 257 928 6127
603,Martica,Female,Izio,41681,+7 197 624 2181
604,Jerry,Female,Kaymbo,36894,+7 909 394 8638
605,Virgilio,Male,Voolith,17085,+357 240 669 7339
606,Kaine,Male,Skiptube,44238,+52 233 990 6235
607,Jonie,Female,Skiptube,26791,+55 126 894 3146
608,Shem,Male,Ntags,42641,+678 498 129 5563
609,Reinaldo,Male,Gabcube,21488,+380 338 452 0949
610,Fianna,Female,Skinder,39633,+62 559 433 5266
611,Ketty,Female,Oozz,21768,+963 172 447 6294
612,Aaren,Female,Youspan,28564,+51 897 641 6779
613,Tricia,Female,Youopia,41278,+31 168 973 0168
614,Goddart,Male,Feednation,28803,+593 554 357 5699
615,Emelyne,Female,Thoughtblab,47945,+351 928 234 4339
616,Ive,Male,Centimia,38422,+81 760 775 5957
617,Dan,Male,Thoughtmix,39705,+387 251 867 3943
618,Fernandina,Female,Buzzster,33371,+86 890 952 3109
619,Riva,Female,Jabberbean,35631,+265 887 570 1443
620,Bret,Male,Jayo,33248,+7 792 197 2029
621,Elke,Female,Mymm,47076,+92 965 650 0251
622,Bathsheba,Female,Twitternation,35313,+66 613 931 1187
623,Leia,Female,Yombu,35248,+962 297 247 2425
624,Donelle,Female,Feedfish,40587,+63 697 653 8813
625,Hedvige,Female,Demimbu,18880,+54 636 139 9165
626,Vilhelmina,Female,Livetube,35144,+33 516 772 4809
627,Celia,Female,DabZ,11905,+261 792 361 1577
628,Matilde,Female,Trilia,21690,+7 734 298 1664
629,Karyn,Female,Yakijo,28318,+48 337 924 4556
630,Forrester,Male,Zoomcast,37966,+63 449 111 2541
631,Gerianne,Female,Yozio,48429,+63 220 210 4188
632,Coraline,Female,Flashdog,16003,+86 169 110 8887
633,Kati,Female,Zoomdog,22974,+977 595 621 8376
634,Webster,Male,Gigaclub,28947,+63 780 722 2965
635,Abner,Male,Dabjam,38328,+48 816 312 8775
636,Archie,Male,Dynazzy,33149,+7 983 698 2335
637,Larry,Male,Eazzy,18999,+86 602 731 1832
638,Johann,Male,Roomm,24123,+62 603 771 7977
639,Adolpho,Male,Meembee,28739,+7 628 519 3344
640,Donnie,Male,Flashspan,28969,+63 886 946 0120
641,Fulton,Male,Realbridge,12538,+7 517 283 0003
642,Carma,Female,Meembee,21890,+51 523 107 6757
643,Randene,Female,Kazu,43764,+54 333 315 5927
644,Dorine,Female,Flipstorm,13441,+86 688 148 3905
645,Vanda,Female,Meezzy,34608,+998 586 946 6049
646,Weider,Male,Blognation,16168,+47 918 945 5250
647,Page,Male,Plambee,12980,+62 379 888 6694
648,Brockie,Male,Fadeo,10462,+86 121 755 6187
649,Darren,Male,Rhycero,44083,+30 844 498 0335
650,Cristy,Female,Trudeo,21541,+226 365 792 1983
651,Cynthie,Female,Zoomcast,19661,+7 878 690 0493
652,Shelli,Female,Youfeed,33471,+66 196 747 5738
653,Randie,Female,Yadel,19860,+62 933 414 4070
654,Olenolin,Male,Meemm,21117,+31 881 652 2849
655,Chelsea,Female,Einti,16161,+963 543 668 5275
656,La verne,Female,Yozio,41704,+7 920 891 7628
657,Vergil,Male,Myworks,28354,+48 285 872 5846
658,Gabby,Male,Blognation,34860,+86 742 920 8950
659,Adiana,Female,Meevee,15783,+63 644 137 5947
660,York,Male,Yotz,38823,+84 332 788 3314
661,Delinda,Female,Demizz,39819,+237 479 868 5238
662,Dolorita,Female,Mynte,48699,+93 911 113 6013
663,Tove,Female,Jaxspan,40771,+52 164 969 0357
664,Berkley,Male,Devpulse,19412,+53 899 497 0243
665,Byron,Male,Jaxspan,48167,+86 274 242 4583
666,Daniele,Female,Rhyloo,29593,+351 493 353 3422
667,Francois,Male,Trunyx,32579,+62 668 988 2485
668,Valentino,Male,Bubblebox,46856,+84 627 263 2314
669,Anthia,Female,Wordpedia,13244,+55 474 140 0093
670,Hazel,Male,Jamia,17050,+1 430 578 5079
671,Burnard,Male,Rhycero,44288,+380 237 353 8177
672,Oliviero,Male,Pixoboo,35439,+86 656 444 9812
673,Bobbi,Female,Oozz,38760,+44 816 358 9021
674,Lorene,Female,Gabvine,16103,+48 456 185 4058
675,Lyndel,Female,Geba,15339,+355 491 786 7857
676,Crawford,Male,Skimia,10215,+86 514 869 3484
677,Briney,Female,Bluezoom,44162,+66 701 648 0407
678,Matteo,Male,Janyx,37981,+62 504 915 1565
679,Kendal,Male,Tagfeed,16956,+7 542 472 4745
680,Benn,Male,Einti,44119,+81 407 394 4795
681,Greer,Female,Fatz,35803,+86 425 889 5165
682,Ignacius,Male,Skynoodle,31449,+86 586 733 6487
683,Flor,Female,Meevee,31242,+237 493 366 9232
684,Bartel,Male,Meevee,25691,+1 565 904 7040
685,Sylas,Male,Browsebug,41607,+63 976 197 3167
686,Leeann,Female,Abatz,28169,+33 264 973 8848
687,Janel,Female,Dynava,10159,+62 301 774 4983
688,Ronnica,Female,Yakijo,17192,+54 801 294 3990
689,Zondra,Female,Trilith,47523,+86 252 306 7723
690,Elfreda,Female,Eamia,31347,+86 717 222 7753
691,Guendolen,Female,Centizu,47269,+51 860 607 5375
692,Rosemarie,Female,Plajo,31938,+86 303 336 2027
693,Marietta,Female,Oyope,49245,+355 537 607 3090
694,Ingemar,Male,Leexo,42326,+380 141 722 3096
695,Erwin,Male,Bluezoom,16224,+1 513 357 4798
696,Charlean,Female,Aivee,30616,+66 387 389 8386
697,Jacquelyn,Female,Lazz,29334,+33 231 113 8341
698,Nannette,Female,Tazzy,14671,+593 505 242 6319
699,Alexei,Male,Mynte,45534,+86 548 543 0672
700,Dorie,Male,Feedmix,49578,+7 737 432 4424
701,Constantina,Female,Kwinu,30773,+7 380 239 7519
702,Nicolais,Male,Innotype,43790,+86 519 373 9657
703,Lora,Female,Dabjam,21794,+33 192 993 9088
704,Harlene,Female,Photojam,13229,+502 169 197 5142
705,Elias,Male,Skipstorm,21923,+63 332 540 0545
706,Marten,Male,Trilia,34142,+977 568 431 4644
707,Fleurette,Female,Yacero,46764,+86 452 906 8342
708,Roland,Male,Tagcat,21392,+33 696 332 5254
709,Tobit,Male,Omba,41112,+375 658 167 5984
710,Tailor,Male,DabZ,35039,+57 803 887 5391
711,Giselle,Female,Mydeo,30617,+62 458 349 6244
712,Lisle,Male,Divanoodle,48051,+47 702 361 8284
713,Immanuel,Male,Digitube,21674,+53 399 754 7739
714,Orin,Male,Dynava,28599,+86 761 267 3525
715,Gill,Male,Vinte,35487,+7 520 584 1919
716,Issy,Female,Jaloo,17759,+57 211 476 8407
717,Melody,Female,Fivespan,16655,+63 991 733 2364
718,Lisetta,Female,Livetube,21327,+27 313 907 4294
719,Yuri,Male,Rhybox,13662,+385 518 619 6775
720,Clive,Male,Zazio,44507,+504 217 530 8648
721,Willie,Female,Fliptune,39567,+86 884 272 6314
722,Roanne,Female,Vitz,43905,+62 394 653 3430
723,Courtney,Male,Thoughtsphere,22419,+420 510 374 4904
724,Payton,Male,Zava,16493,+86 445 891 7772
725,Amelita,Female,Zoomzone,16325,+86 372 542 4600
726,Salem,Male,Yabox,10356,+66 736 770 7190
727,Michelle,Female,Kwimbee,37663,+63 125 102 6484
728,Halsy,Male,Realbridge,25282,+507 664 573 8786
729,Courtenay,Female,Zazio,18361,+351 738 487 0179
730,Ernest,Male,Tazzy,20340,+234 794 138 3161
731,Terrance,Male,Pixope,32870,+51 621 474 0679
732,Florence,Female,Yozio,27424,+63 628 879 6791
733,Godfry,Male,Skyvu,43978,+593 108 373 9437
734,Carlee,Female,Gabcube,30061,+62 511 798 7838
735,Bud,Male,Twitterbeat,38061,+234 205 999 5381
736,Durward,Male,Kazu,43809,+52 214 313 4597
737,Orran,Male,Skinte,26638,+86 484 543 3897
738,Bengt,Male,Feedfire,10941,+81 187 706 9887
739,Diane-marie,Female,Livepath,21313,+46 810 280 4146
740,Koressa,Female,Twiyo,21201,+996 332 953 1037
741,Taylor,Male,Jayo,32403,+48 241 777 0317
742,Joellyn,Female,Blogtags,20235,+380 204 485 0241
743,Isacco,Male,Zoomdog,38838,+63 622 292 8128
744,Elroy,Male,Gabvine,38473,+7 646 225 6101
745,Corrie,Male,Brainsphere,38125,+55 110 594 8051
746,Kippie,Male,Avaveo,42122,+86 654 629 6793
747,Shurlocke,Male,Voonder,43659,+255 227 359 5407
748,Zed,Male,Realbridge,14190,+598 957 656 1581
749,Marylou,Female,Dabvine,10637,+420 892 516 8991
750,Elane,Female,Skippad,49237,+86 662 551 2807
751,Geoffry,Male,Skynoodle,16561,+57 261 225 3753
752,Allan,Male,Eire,18547,+63 867 279 6186
753,Atlanta,Female,Buzzdog,23616,+46 209 370 3544
754,Terri,Female,Topiczoom,28115,+55 672 991 3730
755,Maureen,Female,Voomm,28676,+351 433 322 7948
756,Chip,Male,Shuffletag,38376,+358 104 970 7906
757,Etty,Female,Dynazzy,35186,+252 608 625 0728
758,Rochelle,Female,Tagfeed,22238,+82 706 375 2110
759,Elianora,Female,Meeveo,15650,+62 666 201 6158
760,Krysta,Female,Skippad,12912,+62 948 802 1758
761,Bradly,Male,Wordify,40460,+86 103 955 7609
762,Benjy,Male,Centimia,36241,+62 799 601 6039
763,Arlin,Male,Dabshots,24470,+62 562 487 4345
764,Rosalinde,Female,Centidel,24721,+81 140 748 4406
765,Ortensia,Female,Eadel,45740,+351 749 583 2740
766,Jobey,Female,Ozu,13540,+423 724 257 8521
767,Melva,Female,Flashset,43647,+48 821 831 8515
768,Shelby,Female,Gabtype,42964,+62 233 705 6349
769,Bernie,Female,Shuffletag,41381,+62 859 671 7502
770,Merci,Female,Tagpad,24291,+52 576 794 6939
771,Onfroi,Male,Babbleblab,26759,+970 789 840 6135
772,Dusty,Female,Trudoo,29710,+62 827 274 4410
773,Broderic,Male,Ailane,35861,+51 228 487 4976
774,Ebonee,Female,Twimm,33742,+48 499 853 9196
775,Gradey,Male,Skibox,30749,+86 787 916 2167
776,Elsie,Female,Feedfish,14926,+62 973 449 4312
777,Lucien,Male,Ainyx,12840,+351 286 598 7526
778,Glad,Female,Janyx,32585,+48 200 489 0028
779,Milty,Male,Twiyo,39605,+55 297 421 1054
780,Tabby,Female,Kanoodle,33599,+509 530 237 3675
781,Ches,Male,Thoughtmix,26300,+57 485 110 0922
782,Vere,Female,Yodo,41167,+49 367 676 2847
783,Constanta,Female,Skynoodle,17703,+86 684 864 9578
784,Rafa,Female,Meeveo,24718,+63 913 801 4028
785,Claire,Male,Realmix,45754,+58 555 798 0655
786,Hermina,Female,Vinte,28176,+86 912 263 3122
787,Linn,Female,Feedfish,17114,+62 431 932 1414
788,Annabel,Female,Mymm,44484,+62 186 452 4300
789,Hubey,Male,Dabjam,45312,+880 123 800 9275
790,Simone,Male,Mynte,36190,+98 606 786 7193
791,Andree,Female,Vinte,24181,+55 867 559 9650
792,Latia,Female,Latz,16585,+1 310 162 3458
793,Gabriello,Male,Photofeed,11679,+63 816 970 2513
794,Koo,Female,Riffpath,25675,+62 589 844 1628
795,Elsey,Female,Voomm,45800,+98 291 340 8894
796,Obie,Male,Yakitri,30017,+962 594 826 6419
797,Gage,Male,Camimbo,26700,+86 380 183 1793
798,Ingar,Male,Voomm,36773,+375 431 719 5445
799,Stefano,Male,Abatz,46912,+234 745 290 9877
800,Sampson,Male,Einti,11726,+1 245 822 2036
801,Melisande,Female,Twimbo,22649,+62 580 104 4723
802,Emlyn,Male,Jaxspan,17807,+62 330 413 5556
803,Dorothee,Female,Fivechat,23043,+86 339 312 6642
804,Franklin,Male,Zoonoodle,34943,+86 242 832 5709
805,Kaitlynn,Female,Photofeed,26989,+54 861 342 4836
806,Dinah,Female,Feedspan,16719,+86 964 918 8996
807,Kristal,Female,Meetz,47790,+7 990 708 4627
808,Thorsten,Male,Twitterlist,45663,+48 911 383 6373
809,Lona,Female,Fanoodle,40611,+359 466 451 4423
810,Bruis,Male,Gabtune,42744,+508 974 480 9709
811,Devin,Female,Rhycero,27298,+64 161 594 5203
812,Lorenza,Female,Zooveo,17874,+86 900 439 5683
813,Toby,Female,Ntags,48350,+55 106 137 9153
814,Sonja,Female,Zooveo,14458,+86 727 845 7372
815,Jinny,Female,Yakidoo,28014,+7 472 187 6227
816,Leta,Female,Fatz,36897,+55 163 240 5275
817,Ivar,Male,Talane,39451,+502 850 771 3080
818,Aubry,Female,Tekfly,19801,+46 384 468 6992
819,Salaidh,Female,Youfeed,49687,+48 753 730 4986
820,Rosemonde,Female,Roombo,10333,+1 303 528 8584
821,Brendon,Male,Kayveo,16284,+55 284 170 0898
822,Bastian,Male,Blognation,34936,+48 518 286 2527
823,Queenie,Female,Trunyx,33762,+62 439 651 7354
824,Kissiah,Female,Thoughtworks,22186,+7 481 166 5935
825,Flori,Female,Dynazzy,23120,+7 637 690 4034
826,Hailee,Female,Mycat,41171,+62 339 752 1260
827,Waylon,Male,Realmix,18688,+244 921 587 7153
828,Krishna,Male,Jaxnation,46546,+593 365 395 1838
829,Grannie,Male,Meevee,44436,+234 186 537 8142
830,Thacher,Male,Dabfeed,14375,+298 925 685 2308
831,Gris,Male,Wordpedia,42039,+992 422 123 8319
832,Angelico,Male,Browsedrive,11417,+7 261 526 5457
833,Anna-maria,Female,Meejo,31764,+81 390 455 0273
834,Arabel,Female,Zoomzone,26603,+52 379 789 8783
835,Cly,Male,Jabbertype,44056,+7 231 613 4078
836,Audre,Female,Yakijo,28043,+63 165 524 2825
837,Demetri,Male,Babbleblab,40136,+212 435 507 3369
838,Berkly,Male,Youspan,22790,+33 363 168 1659
839,Keary,Male,Tagchat,23592,+357 139 885 2410
840,Oralla,Female,Feedfire,15096,+1 495 580 3039
841,Jerad,Male,Eadel,13069,+63 143 570 1071
842,Collin,Male,Wikibox,12334,+86 614 478 3076
843,Phip,Male,Oba,34248,+62 239 581 4936
844,Tyne,Female,Podcat,13724,+351 580 136 0285
845,Wain,Male,Pixope,19038,+212 315 720 0369
846,Xylina,Female,Midel,16337,+48 851 152 4115
847,Cloris,Female,Vitz,33862,+86 916 249 6097
848,Vaclav,Male,Youspan,26549,+1 305 537 5681
849,Wells,Male,Lajo,24619,+86 389 506 9007
850,Veronika,Female,Topiczoom,27493,+98 262 457 0361
851,Putnam,Male,Yozio,41270,+63 395 334 7674
852,Berna,Female,Einti,26338,+86 491 175 1422
853,Henrie,Female,Myworks,28613,+66 330 673 6126
854,Ronna,Female,Kimia,35906,+224 457 450 2349
855,Perry,Male,Zoomzone,23453,+86 972 305 6311
856,Valaree,Female,Eare,25847,+62 146 298 9451
857,Keslie,Female,Thoughtbeat,45961,+86 438 512 0931
858,Jameson,Male,Cogilith,31963,+976 730 871 7391
859,Fremont,Male,Twimm,24619,+974 320 946 0897
860,Victor,Male,Skinte,34221,+351 283 703 0457
861,Morley,Male,Gigabox,48262,+86 115 143 7817
862,Lonnie,Male,Wikizz,22995,+27 434 761 7767
863,Candi,Female,Fivebridge,38860,+62 682 698 4692
864,Elysha,Female,Jaxnation,49074,+46 348 137 6073
865,Iain,Male,Blognation,37439,+351 796 733 2158
866,Cullen,Male,Tambee,27792,+358 415 990 6958
867,Damita,Female,Brainbox,11602,+62 791 447 8612
868,Sutherland,Male,Innojam,45230,+370 407 126 6858
869,Leonard,Male,Centimia,14111,+380 989 668 2920
870,Sandie,Female,Photobean,24046,+7 243 918 0496
871,Erin,Female,Katz,31824,+7 723 741 7815
872,Wenda,Female,Twitterbridge,41580,+86 636 819 5117
873,Chevy,Male,Digitube,23109,+33 141 627 6193
874,Nickolaus,Male,Mynte,11135,+86 665 794 3747
875,Templeton,Male,Dablist,11453,+86 632 929 7610
876,Rowland,Male,Twinder,31202,+358 138 935 6730
877,Gerti,Female,Gevee,11722,+1 897 328 5842
878,Georgina,Female,Latz,26107,+33 571 207 4465
879,Celeste,Female,Shufflebeat,39877,+92 220 614 8034
880,Genni,Female,Gigaclub,27858,+370 426 382 4962
881,Hector,Male,Skyble,12416,+86 989 989 0453
882,Aimee,Female,Ainyx,16593,+86 472 449 2982
883,Neille,Female,Innotype,42982,+57 815 354 6416
884,Kennan,Male,Quire,25789,+351 549 446 1855
885,Dara,Female,Flashdog,21396,+62 399 833 2717
886,Graeme,Male,Fadeo,29253,+593 823 589 3831
887,Mary,Female,Demimbu,49726,+351 393 780 5326
888,Charo,Female,Divape,23333,+86 508 371 1055
889,Dehlia,Female,Yakitri,42107,+66 316 231 0988
890,Shawna,Female,Innojam,49753,+86 709 340 1818
891,Adriane,Female,Leexo,16024,+98 975 918 4845
892,Edmund,Male,Realbuzz,38482,+380 740 781 0523
893,Deloris,Female,Roombo,29643,+228 163 854 3432
894,Janeva,Female,Topicblab,47734,+86 813 167 6876
895,Sashenka,Female,Katz,41318,+63 850 722 6709
896,Rayshell,Female,Realbuzz,19896,+351 363 125 2261
897,Claire,Female,Eire,48693,+353 156 755 7003
898,Trudie,Female,Tagfeed,20746,+86 501 261 7793
899,Jocelyne,Female,Avaveo,49948,+62 299 936 3652
900,Elvyn,Male,Camido,14706,+359 574 211 0732
901,Chloris,Female,Wordify,49724,+351 892 417 2077
902,Jobie,Female,Linklinks,49195,+27 270 447 1140
903,Roman,Male,Skidoo,36742,+249 674 846 2286
904,Evin,Male,Photofeed,27667,+33 820 591 4053
905,Killie,Male,Skimia,35355,+55 533 605 2000
906,Ignazio,Male,Jaloo,23468,+1 971 648 7350
907,Claretta,Female,Wikizz,10525,+1 702 524 8578
908,Jacquie,Female,Tazz,33722,+86 431 298 1126
909,Jessalin,Female,Shuffletag,24780,+81 365 757 8320
910,Gamaliel,Male,Mybuzz,42369,+46 260 529 7479
911,Weidar,Male,Bluejam,30115,+66 620 930 9513
912,Merrel,Male,Blogspan,11967,+351 153 959 2167
913,Chandler,Male,Zazio,22200,+234 179 128 2810
914,Clerissa,Female,Nlounge,31922,+86 120 628 2045
915,Gardie,Male,Flashset,30582,+33 875 163 1936
916,Michaelina,Female,Dabshots,39653,+1 733 702 0548
917,Tim,Male,Realcube,23872,+62 800 275 5199
918,Randie,Male,Lajo,30087,+58 289 195 5775
919,Lind,Female,Einti,33797,+54 784 674 2432
920,Sinclare,Male,Jatri,40210,+1 360 663 5776
921,Guenna,Female,Centidel,47297,+57 906 337 4047
922,Valerie,Female,Pixope,29436,+7 149 157 4548
923,Lorry,Female,Zazio,16869,+7 368 386 1608
924,Joane,Female,Bluezoom,30851,+7 453 602 9484
925,Eddi,Female,Trunyx,39654,+86 129 569 8349
926,Eartha,Female,Chatterpoint,43825,+48 949 133 9252
927,Reynolds,Male,Zava,42749,+54 351 361 3415
928,Marie,Female,Yodoo,36837,+7 807 374 1640
929,Jennilee,Female,Yotz,47692,+51 196 635 8322
930,Michaeline,Female,Riffpedia,43870,+1 694 468 3852
931,Claiborne,Male,Devbug,36560,+359 225 183 0999
932,Granville,Male,Gabcube,37860,+263 787 666 6041
933,Clair,Female,Camimbo,29256,+7 776 641 7755
934,Herschel,Male,Vidoo,20873,+20 750 167 7261
935,Dewie,Male,Yambee,49207,+351 725 765 0558
936,Suzie,Female,Gabtype,44206,+62 136 368 2603
937,Donnajean,Female,Tazz,33809,+81 475 677 6030
938,Kaye,Female,Cogilith,15357,+505 301 457 7847
939,Waly,Female,Latz,45255,+33 787 984 1878
940,Lief,Male,Livetube,40648,+30 641 577 0902
941,Filmore,Male,Skyble,42548,+256 105 391 3017
942,Jesus,Male,Skimia,33191,+380 624 188 6737
943,Jonis,Female,Youfeed,33539,+62 585 636 9154
944,Emylee,Female,Ooba,15975,+63 759 660 4917
945,Zondra,Female,Trilia,20384,+66 630 923 1001
946,Jeff,Male,Innotype,45646,+51 691 649 4926
947,Issiah,Male,Buzzdog,30052,+1 631 170 9919
948,Maurizia,Female,Jazzy,12952,+46 562 566 2539
949,Donall,Male,Bluejam,49698,+358 434 479 6751
950,Arnuad,Male,Yotz,16028,+81 756 551 0932
951,Darwin,Male,Wikibox,22956,+1 643 170 0035
952,Lock,Male,Edgeblab,31597,+27 590 332 3127
953,Gabriellia,Female,Dabvine,14941,+351 435 591 1648
954,Boniface,Male,Oba,47862,+63 464 924 3413
955,Kalli,Female,Fivebridge,19427,+20 790 662 1682
956,Bearnard,Male,Yacero,17033,+996 700 698 3424
957,Titus,Male,Meejo,16263,+48 854 464 4475
958,Virgil,Male,Tekfly,29970,+86 687 750 8452
959,Madelene,Female,Bluezoom,28384,+86 716 383 3051
960,Danny,Male,Zoombeat,16977,+55 155 374 0258
961,Tedda,Female,Divanoodle,13851,+253 789 998 8944
962,Monique,Female,Flipopia,20740,+212 500 415 5905
963,Lucais,Male,Photofeed,11873,+389 719 471 4988
964,Hall,Male,Demivee,40878,+86 832 936 7862
965,Kalil,Male,Fanoodle,21395,+51 146 492 9324
966,Tonye,Female,Twitterbeat,34810,+62 863 674 2300
967,Mariette,Female,Avamm,18786,+86 366 726 2479
968,Lise,Female,Centimia,15336,+62 326 641 2385
969,Stirling,Male,Gabspot,21578,+63 946 914 5342
970,Novelia,Female,Edgepulse,35037,+62 303 379 0621
971,Way,Male,Voonyx,38359,+385 552 764 2374
972,Micah,Male,Aimbo,37424,+81 884 500 9634
973,Nanine,Female,Yotz,32311,+63 485 913 3812
974,Abran,Male,Dabjam,41644,+53 588 806 6180
975,Megan,Female,Gabcube,29370,+380 998 406 2777
976,Shirley,Female,Mynte,29931,+351 401 908 3807
977,Naoma,Female,Dabjam,15812,+84 582 971 1353
978,Raleigh,Male,Brainsphere,25260,+86 627 392 8066
979,Trina,Female,Ntag,24126,+86 339 381 2532
980,Jandy,Female,Flashdog,25828,+48 178 387 7399
981,Jasmine,Female,Brainverse,23610,+54 872 122 8537
982,Brad,Male,Muxo,42083,+7 283 287 2069
983,Edwin,Male,Yodoo,32731,+237 593 278 8927
984,Kirstyn,Female,Zoomdog,28852,+62 325 994 4490
985,Pierson,Male,Riffpedia,30374,+46 926 709 6445
986,Katya,Female,Dabshots,15776,+62 273 367 8214
987,Ynes,Female,Oba,39092,+62 293 884 3158
988,Caleb,Male,Viva,33908,+92 672 303 5412
989,Lin,Male,Vipe,45187,+27 261 671 6552
990,Cleveland,Male,Zoombeat,46450,+359 395 382 6127
991,Emlen,Male,Buzzbean,13761,+352 983 291 4282
992,Land,Male,Brainsphere,40186,+234 346 834 6755
993,Bendix,Male,Zooveo,49413,+86 921 392 3911
994,Idelle,Female,Trunyx,30653,+57 227 455 1705
995,Andros,Male,Jetwire,34348,+55 363 937 0030
996,Doroteya,Female,Gabtune,12721,+62 532 105 6252
997,Kissie,Female,Zooxo,31771,+385 649 475 6809
998,Karmen,Female,DabZ,32122,+63 528 748 4886
999,Dietrich,Male,Edgeblab,12255,+52 282 379 3002
1000,Janetta,Female,Eabox,31405,+970 231 542 6104